,iso,year,gdpPerc
1,ALB,1,0.149877699
2,AUS,1,0.1650167953
3,AUT,1,0.2299503912
4,BEL,1,0.2429243968
5,BGR,1,0.3746942475
6,CAN,1,0.03353811709
7,CHE,1,0.2429243968
8,CHN,1,21.12113856
9,CSK,1,0.749388495
10,DEU,1,1.603270918
11,DNK,1,0.08159246229
12,DZA,1,2.297997061
13,EGY,1,4.251176944
14,ESP,1,2.813874263
15,ETH,1,0.2328336923
16,FIN,1,0.008023897089
17,FRA,1,4.048739946
18,GBR,1,0.3306739677
19,GRC,1,2.159327971
20,HUN,1,0.2248165485
21,IDN,1,0.9766655986
22,IND,1,26.16068568
23,IRN,1,3.77882395
24,IRQ,1,0.9447059875
25,ITA,1,9.538060125
26,JPN,1,1.151713171
27,LBY,1,0.996966004
28,MAR,1,0.4656673847
29,MEX,1,0.966370656
30,MOZ,1,0.02328336923
31,NLD,1,0.09596350498
32,NOR,1,0.08558069707
33,POL,1,0.3372248228
34,PRT,1,0.3238991957
35,ROU,1,0.599510796
36,RUS,1,2.922615131
37,SDN,1,0.9313347694
38,SWE,1,0.08406116626
39,TUN,1,0.75576479
40,TUR,1,6.070796354
41,USA,1,0.2578765939
42,YUG,1,1.124082743
43,ZAF,1,0.04656673847
44,ALB,1600,0.04878257879
45,AUS,1600,0.06105442356
46,AUT,1600,0.6765509991
47,BEL,1600,0.8036409662
48,BGR,1600,0.3048911174
49,BRA,1600,0.1170635447
50,CAN,1600,0.03147371619
51,CHE,1600,0.4153118558
52,CHN,1600,23.96583883
53,CSK,1600,1.097608023
54,DEU,1600,5.027765308
55,DNK,1600,0.191191456
56,DZA,1600,0.3014613442
57,EGY,1600,1.234379406
58,ESP,1600,2.473407756
59,ETH,1600,0.3014613442
60,FIN,1600,0.09317241351
61,FRA,1600,5.920282276
62,GBR,1600,1.868550605
63,GRC,1600,0.2622913796
64,HUN,1600,0.3048911174
65,IDN,1600,1.752501964
66,IND,1600,27.44020057
67,IRL,1600,0.2316355003
68,IRN,1600,0.9911421985
69,IRQ,1600,0.2477855496
70,ITA,1600,7.011397514
71,JPN,1600,3.218552014
72,LBY,1600,0.06699140983
73,MAR,1600,0.3014613442
74,MDG,1600,0.1071862557
75,MEX,1600,0.4575775064
76,MOZ,1600,0.1674785246
77,NLD,1600,0.6940211195
78,NOR,1600,0.1562515519
79,NZL,1600,0.01225348422
80,PER,1600,0.2442018902
81,POL,1600,1.21956447
82,PRT,1600,0.3422679748
83,ROU,1600,0.4878257879
84,RUS,1600,5.952330816
85,SDN,1600,0.5627278426
86,SWE,1600,0.1951842611
87,TUN,1600,0.1339828197
88,TUR,1600,1.566004674
89,USA,1600,0.1738540712
90,YUG,1600,0.6707604583
91,ZAF,1600,0.09378797377
92,ALB,1800,0.04319747799
93,AUS,1800,0.03223458332
94,AUT,1800,0.6649241465
95,BEL,1800,0.7050176027
96,BGR,1800,0.2118154001
97,BRA,1800,0.4499199116
98,CAN,1800,0.1004482718
99,CHE,1800,0.5763441732
100,CHN,1800,29.00860932
101,CSK,1800,1.100481827
102,DEU,1800,4.683943326
103,DNK,1800,0.2412034781
104,DZA,1800,0.3625017332
105,EGY,1800,0.6639024841
106,ESP,1800,1.880764277
107,ETH,1800,0.2163401864
108,FIN,1800,0.1295971504
109,FRA,1800,5.529643498
110,GBR,1800,6.334601258
111,GRC,1800,0.2619201812
112,HUN,1800,0.3864305577
113,IDN,1800,1.597882098
114,IND,1800,15.22395804
115,IRL,1800,1.080821893
116,IRN,1800,0.9834265444
117,IRQ,1800,0.4180924971
118,ITA,1800,5.342869686
119,JPN,1800,3.09324882
120,LBY,1800,0.03777368334
121,MAR,1800,0.1799282503
122,MDG,1800,0.1114856516
123,MEX,1800,0.9805292025
124,MOZ,1800,0.1418585349
125,NLD,1800,0.7888570067
126,NOR,1800,0.2295531343
127,NZL,1800,0.006566634719
128,PER,1800,0.148755154
129,POL,1800,1.079031739
130,PRT,1800,0.5395979851
131,ROU,1800,0.5987674565
132,RUS,1800,9.352859621
133,SDN,1800,0.3573698318
134,SWE,1800,0.3442780142
135,TUN,1800,0.06236823822
136,TUR,1800,1.181985964
137,USA,1800,1.697766398
138,YUG,1800,0.5010733614
139,ZAF,1800,0.3354537201
140,AFG,1850,0.1902879068
141,ALB,1850,0.04358412367
142,ARG,1850,0.1753372616
143,AUS,1850,0.1574645075
144,AUT,1850,0.8195374416
145,BEL,1850,0.9772721562
146,BGR,1850,0.2179206184
147,BOL,1850,0.07772042765
148,BRA,1850,0.5891313134
149,CAN,1850,0.4052935523
150,CHE,1850,0.7490841264
151,CHL,1850,0.1204531743
152,CHN,1850,20.43653032
153,COL,1850,0.1168069018
154,CRI,1850,0.005713073648
155,CSK,1850,1.35703629
156,CUB,1850,0.1112942716
157,DEU,1850,7.057833429
158,DMA,1850,0.0001696952569
159,DNK,1850,0.3451431105
160,DOM,1850,0.008258502502
161,DZA,1850,0.5286408862
162,ECU,1850,0.04615710987
163,EGY,1850,0.7877756384
164,ESP,1850,2.178567868
165,ETH,1850,0.3730274195
166,FIN,1850,0.1821688735
167,FRA,1850,6.924976982
168,GBR,1850,8.373437534
169,GRC,1850,0.4282528129
170,GTM,1850,0.04808032278
171,HKG,1850,0.001438493639
172,HND,1850,0.01979777997
173,HTI,1850,0.05305805032
174,HUN,1850,0.4498753245
175,IDN,1850,1.32802268
176,IND,1850,12.05475768
177,IRL,1850,0.7696299215
178,IRN,1850,0.898318189
179,IRQ,1850,0.4075410282
180,ITA,1850,5.353398025
181,JAM,1850,0.03061345946
182,JOR,1850,0.02352959043
183,JPN,1850,2.487703458
184,KHM,1850,0.1111112328
185,KOR,1850,0.4734628202
186,LAO,1850,0.03179566975
187,LBN,1850,0.0821117696
188,LBY,1850,0.03201717617
189,LKA,1850,0.1316750346
190,MAR,1850,0.2020310913
191,MDG,1850,0.1189165118
192,MEX,1850,0.6973322001
193,MMR,1850,0.1950398962
194,MNG,1850,0.03216273364
195,MOZ,1850,0.1538668844
196,MYS,1850,0.02628971134
197,NIC,1850,0.01696952569
198,NLD,1850,0.958420536
199,NOR,1850,0.3097051568
200,NPL,1850,0.2158732523
201,NZL,1850,0.01230290612
202,OMN,1850,0.01493454017
203,PAN,1850,0.00763628656
204,PER,1850,0.1449660892
205,PHL,1850,0.1791668629
206,POL,1850,1.133187215
207,PRI,1850,0.02799971739
208,PRK,1850,0.2204665113
209,PRT,1850,0.4419438842
210,PRY,1850,0.01979777997
211,PSE,1850,0.0185413737
212,ROU,1850,0.6973459787
213,RUS,1850,6.428658241
214,SAU,1850,0.3989157461
215,SDN,1850,0.2933700181
216,SGP,1850,0.00277778082
217,SLV,1850,0.02070282134
218,SWE,1850,0.4564306378
219,SYR,1850,0.06379636618
220,THA,1850,0.2594248873
221,TTO,1850,0.00452520685
222,TUN,1850,0.0705344746
223,TUR,1850,1.089969195
224,TWN,1850,0.1091271037
225,URY,1850,0.02321344091
226,USA,1850,4.830767092
227,VEN,1850,0.2041291802
228,VNM,1850,0.4433139776
229,YEM,1850,0.1178427217
230,YUG,1850,0.523009484
231,ZAF,1850,0.2417799455
232,AFG,1900,0.1197981179
233,ALB,1900,0.02861671145
234,ARG,1900,0.6944516214
235,AUS,1900,0.7991870568
236,AUT,1900,0.874411655
237,BEL,1900,1.204872505
238,BGR,1900,0.2458182312
239,BOL,1900,0.07666653712
240,BRA,1900,0.5969394447
241,CAN,1900,0.7872017874
242,CHE,1900,1.330580404
243,CHL,1900,0.2559896966
244,CHN,1900,9.093598725
245,COL,1900,0.1268484953
246,CRI,1900,0.009423212382
247,CSK,1900,1.153233667
248,CUB,1900,0.0526050038
249,DEU,1900,9.606439373
250,DMA,1900,0.000349007866
251,DNK,1900,0.4066520243
252,DOM,1900,0.01633991373
253,DZA,1900,0.5086648243
254,ECU,1900,0.05208897723
255,EGY,1900,0.7631084699
256,ESP,1900,1.722040377
257,ETH,1900,0.2656032842
258,FIN,1900,0.2093767708
259,FRA,1900,5.626931921
260,GBR,1900,8.977588838
261,GHA,1900,0.06083635286
262,GRC,1900,0.3461228163
263,GTM,1900,0.04124638416
264,HKG,1900,0.006024509155
265,HND,1900,0.01586399391
266,HTI,1900,0.049495661
267,HUN,1900,0.8548081823
268,IDN,1900,1.674045394
269,IND,1900,6.642853361
270,IRL,1900,0.2949752785
271,IRN,1900,0.5474635325
272,IRQ,1900,0.2084747909
273,ITA,1900,3.729835375
274,JAM,1900,0.02385663439
275,JOR,1900,0.01623436906
276,JPN,1900,2.398060732
277,KHM,1900,0.06477602999
278,KOR,1900,0.2249756324
279,LAO,1900,0.02718827409
280,LBN,1900,0.04406981875
281,LBY,1900,0.03617174108
282,LKA,1900,0.2147743959
283,MAR,1900,0.2024686474
284,MDG,1900,0.1176962655
285,MEX,1900,0.8646413683
286,MMR,1900,0.2312956836
287,MNG,1900,0.01609038277
288,MOZ,1900,0.07632565337
289,MYS,1900,0.05074228088
290,NIC,1900,0.01516597818
291,NLD,1900,0.9023457313
292,NOR,1900,0.4011973298
293,NPL,1900,0.1201037052
294,NZL,1900,0.1673393842
295,OMN,1900,0.01627595937
296,PAN,1900,0.008344460796
297,PER,1900,0.1225835858
298,PHL,1900,0.1665037926
299,POL,1900,2.389157033
300,PRI,1900,0.03042714032
301,PRK,1900,0.1086753778
302,PRT,1900,0.3566897304
303,PRY,1900,0.01396031464
304,PSE,1900,0.0244596978
305,ROU,1900,0.3860677964
306,RUS,1900,12.43544104
307,SAU,1900,0.1690545378
308,SDN,1900,0.2341634337
309,SGP,1900,0.01751045089
310,SLV,1900,0.02430363867
311,SWE,1900,0.5275319372
312,SYR,1900,0.07232100326
313,THA,1900,0.1664128567
314,TTO,1900,0.008503100735
315,TUN,1900,0.06611045932
316,TUR,1900,0.7065799321
317,TWN,1900,0.06351878709
318,URY,1900,0.08921101594
319,USA,1900,13.99185314
320,VEN,1900,0.1551239624
321,VNM,1900,0.3790941551
322,YEM,1900,0.1218515249
323,YUG,1900,0.525409326
324,ZAF,1900,0.3298684842
325,AFG,1950,0.2127158562
326,AGO,1950,0.2311068376
327,ALB,1950,0.02388473861
328,ARE,1950,0.1067300667
329,ARG,1950,1.639078414
330,ARM,1950,0.01290727666
331,AUS,1950,1.214696074
332,AUT,1950,0.4862596875
333,AZE,1950,0.02748154477
334,BDI,1950,0.01382004927
335,BEL,1950,0.8446028911
336,BEN,1950,0.02429713555
337,BFA,1950,0.0237309313
338,BGD,1950,0.5573318885
339,BGR,1950,0.2269914679
340,BHR,1950,0.02168135746
341,BIH,1950,0.04656103799
342,BLR,1950,0.1350654904
343,BOL,1950,0.09591513639
344,BRA,1950,1.689936127
345,BRB,1950,0.006243860917
346,BWA,1950,0.003654996735
347,CAF,1950,0.01783165288
348,CAN,1950,1.885467039
349,CHE,1950,1.08311091
350,CHL,1950,0.3408142116
351,CHN,1950,3.80067673
352,CIV,1950,0.07776696518
353,CMR,1950,0.07973582094
354,COD,1950,0.2325975348
355,COG,1950,0.02474922821
356,COL,1950,0.431820215
357,COM,1950,0.00116110551
358,CPV,1950,0.002343400987
359,CRI,1950,0.02870223752
360,CSK,1950,0.8871963313
361,CUB,1950,0.2424536634
362,CYP,1950,0.01888739776
363,CZE,1950,0.1561071616
364,DEU,1950,5.849173208
365,DJI,1950,0.002748923732
366,DMA,1950,0.0008336102951
367,DNK,1950,0.5813681103
368,DOM,1950,0.06128517439
369,DZA,1950,0.4827763206
370,ECU,1950,0.1262732248
371,EGY,1950,0.7445552745
372,ESP,1950,1.254836464
373,EST,1950,0.01917013435
374,ETH,1950,0.1224265145
375,FIN,1950,0.3012202431
376,FRA,1950,3.95780005
377,GAB,1950,0.03512847183
378,GBR,1950,5.93229028
379,GEO,1950,0.03349223966
380,GHA,1950,0.1018396638
381,GIN,1950,0.01935680684
382,GMB,1950,0.00339758554
383,GNB,1950,0.003107363719
384,GNQ,1950,0.002053659269
385,GRC,1950,0.3041354459
386,GTM,1950,0.1030840453
387,HKG,1950,0.07329315403
388,HND,1950,0.03717749374
389,HRV,1950,0.06711296122
390,HTI,1950,0.08397474205
391,HUN,1950,0.6148090554
392,IDN,1950,1.270993499
393,IND,1950,3.227771186
394,IRL,1950,0.2257640429
395,IRN,1950,0.8545527488
396,IRQ,1950,0.537554643
397,ISL,1950,0.01223456609
398,ISR,1950,0.0588224789
399,ITA,1950,3.322894994
400,JAM,1950,0.0390199844
401,JOR,1950,0.02094710195
402,JPN,1950,2.764325358
403,KAZ,1950,0.06375527873
404,KEN,1950,0.09991600316
405,KGZ,1950,0.01656513218
406,KHM,1950,0.02302649034
407,KOR,1950,0.2679471265
408,KWT,1950,0.3019063204
409,LAO,1950,0.01671009033
410,LBN,1950,0.1161929103
411,LBR,1950,0.009035961119
412,LBY,1950,0.03120594901
413,LCA,1950,0.001643837427
414,LKA,1950,0.1495961565
415,LSO,1950,0.0030815364
416,LTU,1950,0.04465451916
417,LUX,1950,0.039832863
418,LVA,1950,0.03386257309
419,MAR,1950,0.2426299373
420,MDA,1950,0.04085897248
421,MDG,1950,0.09683902774
422,MEX,1950,1.29888193
423,MKD,1950,0.02142647316
424,MLI,1950,0.02442646855
425,MLT,1950,0.005402721746
426,MMR,1950,0.09909101289
427,MNE,1950,0.006926435404
428,MNG,1950,0.015665486
429,MOZ,1950,0.02352773893
430,MRT,1950,0.01149279718
431,MUS,1950,0.0142651259
432,MWI,1950,0.01453881692
433,MYS,1950,0.2033109146
434,NAM,1950,0.02091482599
435,NER,1950,0.03408513322
436,NGA,1950,0.680369475
437,NIC,1950,0.04458031062
438,NLD,1950,1.190763391
439,NOR,1950,0.5828376051
440,NPL,1950,0.07621874449
441,NZL,1950,0.2898834791
442,OMN,1950,0.01853082362
443,PAK,1950,0.5414853494
444,PAN,1950,0.02661057379
445,PER,1950,0.3239024892
446,PHL,1950,0.4622910729
447,POL,1950,1.289317256
448,PRI,1950,0.1147636022
449,PRK,1950,0.06448541607
450,PRT,1950,0.3325715322
451,PRY,1950,0.04119722635
452,PSE,1950,0.009687601743
453,QAT,1950,0.097613665
454,ROU,1950,0.2852956764
455,RUS,1950,8.735616762
456,RWA,1950,0.01596776494
457,SAU,1950,0.4507896229
458,SDN,1950,0.1690191738
459,SEN,1950,0.05148891677
460,SGP,1950,0.05022620417
461,SLE,1950,0.02081372081
462,SLV,1950,0.06962203023
463,STP,1950,0.0009178682429
464,SVK,1950,0.06057132779
465,SVN,1950,0.02567678579
466,SWE,1950,0.8713244013
467,SWZ,1950,0.0027836875
468,SYC,1950,0.001577496023
469,SYR,1950,0.06803354641
470,TCD,1950,0.02837159981
471,TGO,1950,0.01369613924
472,THA,1950,0.2493027041
473,TJK,1950,0.01457426811
474,TKM,1950,0.01146890118
475,TTO,1950,0.02985284624
476,TUN,1950,0.07149345795
477,TUR,1950,0.5953063629
478,TWN,1950,0.1102367179
479,TZA,1950,0.101560779
480,UGA,1950,0.06422952157
481,UKR,1950,0.6432314696
482,URY,1950,0.1650399116
483,USA,1950,25.32280105
484,UZB,1950,0.05994501256
485,VEN,1950,0.5217392887
486,VNM,1950,0.2685616574
487,YEM,1950,0.07526681081
488,ZAF,1950,0.8923348767
489,ZMB,1950,0.05529583314
490,ZWE,1950,0.03592432862
491,AFG,1960,0.1872699068
492,AGO,1960,0.2041482952
493,ALB,1960,0.02913088103
494,ARE,1960,0.1379956068
495,ARG,1960,1.397819857
496,ARM,1960,0.01642924324
497,AUS,1960,1.149041006
498,AUT,1960,0.5530114544
499,AZE,1960,0.03412430296
500,BDI,1960,0.01290021318
501,BEL,1960,0.7220694597
502,BEN,1960,0.0171367865
503,BFA,1960,0.02155595834
504,BGD,1960,0.4279622426
505,BGR,1960,0.2763975692
506,BHR,1960,0.02545459783
507,BIH,1960,0.05005524344
508,BLR,1960,0.1261886507
509,BOL,1960,0.06442585456
510,BRA,1960,2.192354255
511,BRB,1960,0.00685106235
512,BWA,1960,0.00310234886
513,CAF,1960,0.01583926627
514,CAN,1960,1.877676875
515,CHE,1960,1.082036233
516,CHL,1960,0.3114139165
517,CHN,1960,3.904572908
518,CIV,1960,0.07468783909
519,CMR,1960,0.07220540731
520,COD,1960,0.2378114964
521,COG,1960,0.02257651873
522,COL,1960,0.4386439093
523,COM,1960,0.001161373301
524,CPV,1960,0.002270643045
525,CRI,1960,0.03636872759
526,CSK,1960,0.9080489981
527,CUB,1960,0.2127311046
528,CYP,1960,0.01688911407
529,CZE,1960,0.1492387814
530,DEU,1960,7.833355814
531,DJI,1960,0.002903308271
532,DMA,1960,0.0007915519146
533,DNK,1960,0.503614303
534,DOM,1960,0.06793090199
535,DZA,1960,0.5768763671
536,ECU,1960,0.1293639126
537,EGY,1960,0.4926828878
538,ESP,1960,1.268013119
539,EST,1960,0.01870891969
540,ETH,1960,0.1050863003
541,FIN,1960,0.310270367
542,FRA,1960,3.936424332
543,GAB,1960,0.03225908726
544,GBR,1960,4.913527014
545,GEO,1960,0.03645375693
546,GHA,1960,0.1045964338
547,GIN,1960,0.01863661767
548,GMB,1960,0.003336183017
549,GNB,1960,0.003688611092
550,GNQ,1960,0.002090641362
551,GRC,1960,0.3499145781
552,GTM,1960,0.09531118264
553,HKG,1960,0.09057783412
554,HND,1960,0.03434479878
555,HRV,1960,0.1947087729
556,HTI,1960,0.06448276298
557,HUN,1960,0.6155214339
558,IDN,1960,1.183347449
559,IND,1960,3.01947893
560,IRL,1960,0.1702886464
561,IRN,1960,0.898152044
562,IRQ,1960,0.9062944885
563,ISL,1960,0.01235609761
564,ISR,1960,0.1031396172
565,ITA,1960,3.806826981
566,JAM,1960,0.05851685008
567,JOR,1960,0.02826052804
568,JPN,1960,4.098288617
569,KAZ,1960,0.08774569608
570,KEN,1960,0.09452819198
571,KGZ,1960,0.01908394171
572,KHM,1960,0.02628075255
573,KOR,1960,0.2909977026
574,KWT,1960,0.3861180479
575,LAO,1960,0.01441312579
576,LBN,1960,0.1453022826
577,LBR,1960,0.00858528316
578,LBY,1960,0.05902140194
579,LCA,1960,0.001602712098
580,LKA,1960,0.1295386234
581,LSO,1960,0.002988170968
582,LTU,1960,0.04271689756
583,LUX,1960,0.03189472341
584,LVA,1960,0.03267495058
585,MAR,1960,0.1874393476
586,MDA,1960,0.04633199848
587,MDG,1960,0.08655736836
588,MEX,1960,1.506505878
589,MKD,1960,0.03752161601
590,MLI,1960,0.02212842396
591,MLT,1960,0.005489391697
592,MMR,1960,0.1052979015
593,MNE,1960,0.01911272226
594,MNG,1960,0.01643820721
595,MOZ,1960,0.02096007251
596,MRT,1960,0.01093570631
597,MUS,1960,0.01395780986
598,MWI,1960,0.01377404483
599,MYS,1960,0.166311834
600,NAM,1960,0.02053427313
601,NER,1960,0.03197870429
602,NGA,1960,0.6164796491
603,NIC,1960,0.04734404621
604,NLD,1960,1.18918695
605,NOR,1960,0.5396829074
606,NPL,1960,0.06619352886
607,NZL,1960,0.2566988417
608,OMN,1960,0.0216690114
609,PAK,1960,0.4432713565
610,PAN,1960,0.02716539514
611,PER,1960,0.3450522274
612,PHL,1960,0.5477170205
613,POL,1960,1.284718406
614,PRI,1960,0.1238752917
615,PRK,1960,0.05861639121
616,PRT,1960,0.3209552416
617,PRY,1960,0.03330079735
618,PSE,1960,0.009783706646
619,QAT,1960,0.1234250513
620,ROU,1960,0.3990572108
621,RUS,1960,7.452657803
622,RWA,1960,0.01515780256
623,SAU,1960,0.5844885716
624,SDN,1960,0.176384228
625,SEN,1960,0.04634099023
626,SGP,1960,0.04991000061
627,SLE,1960,0.01983068068
628,SLV,1960,0.06984731861
629,SRB,1960,0.3241632765
630,STP,1960,0.0006487184546
631,SVK,1960,0.06170390194
632,SVN,1960,0.07085708889
633,SWE,1960,0.7622781029
634,SWZ,1960,0.002918243606
635,SYC,1960,0.001580895816
636,SYR,1960,0.07050311242
637,TCD,1960,0.02519847195
638,TGO,1960,0.0131526488
639,THA,1960,0.2873163475
640,TJK,1960,0.01829280641
641,TKM,1960,0.01393277182
642,TTO,1960,0.043007411
643,TUN,1960,0.06464587822
644,TUR,1960,0.7403929631
645,TWN,1960,0.1509761823
646,TZA,1960,0.09054562351
647,UGA,1960,0.05581853293
648,UKR,1960,0.6588135189
649,URY,1960,0.132014695
650,USA,1960,22.65336118
651,UZB,1960,0.07499083683
652,VEN,1960,0.7170863766
653,VNM,1960,0.2591459313
654,YEM,1960,0.06225864097
655,ZAF,1960,0.872658712
656,ZMB,1960,0.06513834849
657,ZWE,1960,0.04300059949
658,AFG,1980,0.08540448814
659,AGO,1980,0.08698321105
660,ALB,1980,0.03008185956
661,ARE,1980,0.6421208234
662,ARG,1980,1.101261905
663,ARM,1980,0.04091264612
664,AUS,1980,1.030650194
665,AUT,1980,0.4849911506
666,AZE,1980,0.1490201128
667,BDI,1980,0.009908021462
668,BEL,1980,0.6293660906
669,BEN,1980,0.0128793496
670,BFA,1980,0.01303332287
671,BGD,1980,0.2695011795
672,BGR,1980,0.2501548125
673,BHR,1980,0.03583145003
674,BIH,1980,0.05625720277
675,BLR,1980,0.1930492405
676,BOL,1980,0.06338872316
677,BRA,1980,3.540611657
678,BRB,1980,0.006687439431
679,BWA,1980,0.009064855269
680,CAF,1980,0.007743034555
681,CAN,1980,1.812001246
682,CHE,1980,0.7533912438
683,CHL,1980,0.2351009964
684,CHN,1980,4.066852426
685,CIV,1980,0.1130693869
686,CMR,1980,0.06264905682
687,COD,1980,0.128842771
688,COG,1980,0.02250930676
689,COL,1980,0.4842467014
690,COM,1980,0.001313030551
691,CPV,1980,0.001575959829
692,CRI,1980,0.04699238746
693,CSK,1980,0.6148436834
694,CUB,1980,0.1553504841
695,CYP,1980,0.01888826334
696,CZE,1980,0.4463910417
697,DEU,1980,6.012085027
698,DJI,1980,0.002571445753
699,DMA,1980,0.0006749843122
700,DNK,1980,0.377487943
701,DOM,1980,0.08459793146
702,DZA,1980,0.5805018374
703,ECU,1980,0.1623568901
704,EGY,1980,0.6333256845
705,ESP,1980,1.673271325
706,EST,1980,0.04278881532
707,ETH,1980,0.08982641395
708,FIN,1980,0.2698663968
709,FRA,1980,3.605292012
710,GAB,1980,0.04226035526
711,GBR,1980,3.065144416
712,GEO,1980,0.1295594682
713,GHA,1980,0.05390946719
714,GIN,1980,0.01382037098
715,GMB,1980,0.002721611032
716,GNB,1980,0.002755901823
717,GNQ,1980,0.002015877309
718,GRC,1980,0.4482027928
719,GTM,1980,0.1094769788
720,HKG,1980,0.1938578547
721,HND,1980,0.03548367306
722,HRV,1980,0.2297236467
723,HTI,1980,0.04226050069
724,HUN,1980,0.4426328836
725,IDN,1980,1.304007896
726,IND,1980,2.283909944
727,IRL,1980,0.1581961916
728,IRN,1980,1.174302022
729,IRQ,1980,1.589887898
730,ISL,1980,0.0138964716
731,ISR,1980,0.1644857253
732,ITA,1980,3.690587711
733,JAM,1980,0.03646725833
734,JOR,1980,0.05369575906
735,JPN,1980,6.646838547
736,KAZ,1980,0.5362859268
737,KEN,1980,0.1063007166
738,KGZ,1980,0.0462285374
739,KHM,1980,0.015043911
740,KOR,1980,0.5825518089
741,KWT,1980,0.316237979
742,LAO,1980,0.01088135693
743,LBN,1980,0.07259449572
744,LBR,1980,0.006604902388
745,LBY,1980,0.3458901547
746,LCA,1980,0.001534346596
747,LKA,1980,0.1077733408
748,LSO,1980,0.003579357477
749,LTU,1980,0.1175761011
750,LUX,1980,0.02254535612
751,LVA,1980,0.07959385935
752,MAR,1980,0.1950147467
753,MDA,1980,0.066947204
754,MDG,1980,0.04983014767
755,MEX,1980,2.176175462
756,MKD,1980,0.05269961064
757,MLI,1980,0.01772653723
758,MLT,1980,0.008818558358
759,MMR,1980,0.08680952185
760,MNE,1980,0.02951534111
761,MNG,1980,0.01961535306
762,MOZ,1980,0.01209243344
763,MRT,1980,0.01080139715
764,MUS,1980,0.01247952108
765,MWI,1980,0.01550741973
766,MYS,1980,0.2517613763
767,NAM,1980,0.01848031523
768,NER,1980,0.02057668823
769,NGA,1980,0.6850924607
770,NIC,1980,0.03739606129
771,NLD,1980,1.007880053
772,NOR,1980,0.4998614236
773,NPL,1980,0.0402982423
774,NZL,1980,0.1735660442
775,OMN,1980,0.07181810676
776,PAK,1980,0.521195108
777,PAN,1980,0.03830539607
778,PER,1980,0.334605945
779,PHL,1980,0.610471951
780,POL,1980,1.069761641
781,PRI,1980,0.1564956775
782,PRK,1980,0.1084169886
783,PRT,1980,0.3665523693
784,PRY,1980,0.04672693208
785,PSE,1980,0.01081556267
786,QAT,1980,0.2097501672
787,ROU,1980,0.6358459244
788,RUS,1980,7.377985498
789,RWA,1980,0.01360173723
790,SAU,1980,1.707420679
791,SDN,1980,0.1120764917
792,SEN,1980,0.02792789806
793,SGP,1980,0.1114801395
794,SLE,1980,0.01441509928
795,SLV,1980,0.0644410489
796,SRB,1980,0.4093034225
797,STP,1980,0.0008834867557
798,SVK,1980,0.05592905824
799,SVN,1980,0.09544998516
800,SWE,1980,0.5647209316
801,SWZ,1980,0.007394708201
802,SYC,1980,0.001842487041
803,SYR,1980,0.11391516
804,TCD,1980,0.008707297089
805,TGO,1980,0.01367015184
806,THA,1980,0.4512327624
807,TJK,1980,0.05721647775
808,TKM,1980,0.06660150607
809,TTO,1980,0.04285855223
810,TUN,1980,0.08536896123
811,TUR,1980,0.9150954266
812,TWN,1980,0.3727907348
813,TZA,1980,0.08364270685
814,UGA,1980,0.02968974397
815,UKR,1980,1.617357617
816,URY,1980,0.08177899846
817,USA,1980,18.16108484
818,UZB,1980,0.2309998253
819,VEN,1980,0.7299601872
820,VNM,1980,0.1615829438
821,YEM,1980,0.08925800766
822,ZAF,1980,0.8205466917
823,ZMB,1980,0.04198352977
824,ZWE,1980,0.0411866789
825,AFG,2000,0.02605345139
826,AGO,2000,0.0640560655
827,ALB,2000,0.02545071253
828,ARE,2000,0.5891174834
829,ARG,2000,0.8908399646
830,ARM,2000,0.01716448959
831,AUS,2000,1.169345
832,AUT,2000,0.462476531
833,AZE,2000,0.06078071512
834,BDI,2000,0.007419208303
835,BEL,2000,0.5538847155
836,BEN,2000,0.01794586423
837,BFA,2000,0.01872652869
838,BGD,2000,0.3638188906
839,BGR,2000,0.1098381185
840,BHR,2000,0.04401220912
841,BIH,2000,0.03814487504
842,BLR,2000,0.1269664526
843,BOL,2000,0.05552117946
844,BRA,2000,3.134910696
845,BRB,2000,0.004847357073
846,BWA,2000,0.02681316589
847,CAF,2000,0.006029803259
848,CAN,2000,1.853701921
849,CHE,2000,0.6094956571
850,CHL,2000,0.3427731365
851,CHN,2000,8.344953862
852,CIV,2000,0.07759634632
853,CMR,2000,0.05785956046
854,COD,2000,0.04556584456
855,COG,2000,0.02486069198
856,COL,2000,0.5205085867
857,COM,2000,0.001210150645
858,CPV,2000,0.002967541287
859,CRI,2000,0.0562719269
860,CSK,2000,0.4140484
861,CUB,2000,0.08588248719
862,CYP,2000,0.03179342703
863,CZE,2000,0.3167213753
864,DEU,2000,4.89789397
865,DJI,2000,0.001902522237
866,DMA,2000,0.000796666924
867,DNK,2000,0.3501387823
868,DOM,2000,0.1105452821
869,DZA,2000,0.5070001498
870,ECU,2000,0.1464287252
871,EGY,2000,0.9172102158
872,ESP,2000,1.91089533
873,EST,2000,0.03031789434
874,ETH,2000,0.07738793872
875,FIN,2000,0.269209745
876,FRA,2000,3.26020796
877,GAB,2000,0.03433633969
878,GBR,2000,2.951311185
879,GEO,2000,0.03529670201
880,GHA,2000,0.06188335574
881,GIN,2000,0.01595803656
882,GMB,2000,0.003349387795
883,GNB,2000,0.002579587331
884,GNQ,2000,0.01061575523
885,GRC,2000,0.3919576647
886,GTM,2000,0.1002311085
887,HKG,2000,0.3140390597
888,HND,2000,0.03650903524
889,HRV,2000,0.1082652217
890,HTI,2000,0.02359633024
891,HUN,2000,0.2640006471
892,IDN,2000,1.889702769
893,IND,2000,3.982169234
894,IRL,2000,0.2635517686
895,IRN,2000,1.278388594
896,IRQ,2000,0.3057246605
897,ISL,2000,0.01407633015
898,ISR,2000,0.2428897927
899,ITA,2000,3.176472326
900,JAM,2000,0.02994680294
901,JOR,2000,0.06367828115
902,JPN,2000,6.60814201
903,KAZ,2000,0.2388634881
904,KEN,2000,0.1120251847
905,KGZ,2000,0.02214779815
906,KHM,2000,0.02498606827
907,KOR,2000,1.589059202
908,KWT,2000,0.2362748911
909,LAO,2000,0.02086735188
910,LBN,2000,0.06469943862
911,LBR,2000,0.002399261368
912,LBY,2000,0.1762490046
913,LCA,2000,0.002184946745
914,LKA,2000,0.1731054378
915,LSO,2000,0.004614226143
916,LTU,2000,0.05958093925
917,LUX,2000,0.03316040496
918,LVA,2000,0.0388617285
919,MAR,2000,0.2203048654
920,MDA,2000,0.01625519785
921,MDG,2000,0.03478868225
922,MEX,2000,2.146330727
923,MKD,2000,0.02706159858
924,MLI,2000,0.01824916926
925,MLT,2000,0.01269687693
926,MMR,2000,0.1142117837
927,MNE,2000,0.01116623359
928,MNG,2000,0.01925603972
929,MOZ,2000,0.01390367716
930,MRT,2000,0.009587161506
931,MUS,2000,0.02198859418
932,MWI,2000,0.01651677655
933,MYS,2000,0.5221762089
934,NAM,2000,0.01798118958
935,NER,2000,0.01158503095
936,NGA,2000,0.5421591075
937,NIC,2000,0.02667784567
938,NLD,2000,1.015022421
939,NOR,2000,0.534756069
940,NPL,2000,0.06112192737
941,NZL,2000,0.1637076561
942,OMN,2000,0.16111298
943,PAK,2000,0.814903809
944,PAN,2000,0.04670004348
945,PER,2000,0.253516019
946,PHL,2000,0.5607386093
947,POL,2000,0.8621678966
948,PRI,2000,0.1956283516
949,PRK,2000,0.0583961069
950,PRT,2000,0.3938486696
951,PRY,2000,0.04336776916
952,PSE,2000,0.0193239192
953,QAT,2000,0.1127131643
954,ROU,2000,0.3560190241
955,RUS,2000,3.142219874
956,RWA,2000,0.009842026746
957,SAU,2000,1.410885943
958,SDN,2000,0.1257590842
959,SEN,2000,0.03029907015
960,SGP,2000,0.273447503
961,SLE,2000,0.005013325009
962,SLV,2000,0.05916910154
963,SRB,2000,0.1126155287
964,STP,2000,0.0005182477655
965,SVK,2000,0.1147003417
966,SVN,2000,0.06416568551
967,SWE,2000,0.4937021232
968,SWZ,2000,0.01102561394
969,SYC,2000,0.00234112856
970,SYR,2000,0.1323160881
971,TCD,2000,0.009978068185
972,TGO,2000,0.01009976896
973,THA,2000,0.8768425089
974,TJK,2000,0.01632814319
975,TKM,2000,0.03275329066
976,TTO,2000,0.03234855621
977,TUN,2000,0.1161702862
978,TUR,2000,1.428076745
979,TWN,2000,0.8955027142
980,TZA,2000,0.08168308778
981,UGA,2000,0.04486097874
982,UKR,2000,0.4796569205
983,URY,2000,0.06624651683
984,USA,2000,20.47494218
985,UZB,2000,0.1552348861
986,VEN,2000,0.5555607714
987,VNM,2000,0.3328768308
988,YEM,2000,0.1224076701
989,ZAF,2000,0.6615579834
990,ZMB,2000,0.03289697351
991,ZWE,2000,0.04195229936
992,AFG,2010,0.05392029583
993,AGO,2010,0.1300639175
994,ALB,2010,0.03048464128
995,ARE,2010,0.6024812072
996,ARG,2010,0.8666051181
997,ARM,2010,0.02609175374
998,AUS,2010,1.099195607
999,AUT,2010,0.3739516825
1000,AZE,2010,0.160269102
1001,BDI,2010,0.007156270436
1002,BEL,2010,0.452108512
1003,BEN,2010,0.01828065055
1004,BFA,2010,0.02320218767
1005,BGD,2010,0.4453793952
1006,BGR,2010,0.119771354
1007,BHR,2010,0.05165573041
1008,BIH,2010,0.0388396947
1009,BLR,2010,0.1805720359
1010,BOL,2010,0.05634648956
1011,BRA,2010,3.133601522
1012,BRB,2010,0.003717264171
1013,BWA,2010,0.02787812747
1014,CAF,2010,0.004844860207
1015,CAN,2010,1.55099723
1016,CHE,2010,0.5102377205
1017,CHL,2010,0.3526280088
1018,CHN,2010,13.97885565
1019,CIV,2010,0.06028254083
1020,CMR,2010,0.05580147672
1021,COD,2010,0.05006620814
1022,COG,2010,0.02734595382
1023,COL,2010,0.5404008117
1024,COM,2010,0.001127240002
1025,CPV,2010,0.003436489855
1026,CRI,2010,0.05969861592
1027,CSK,2010,0.4300647953
1028,CUB,2010,0.08287850313
1029,CYP,2010,0.02987806647
1030,CZE,2010,0.3014795429
1031,DEU,2010,3.730538821
1032,DJI,2010,0.002063340464
1033,DMA,2010,0.000717705665
1034,DNK,2010,0.2632358595
1035,DOM,2010,0.1239281418
1036,DZA,2010,0.5151049833
1037,ECU,2010,0.1526517185
1038,EGY,2010,1.007971416
1039,ESP,2010,1.66036149
1040,EST,2010,0.02913869989
1041,ETH,2010,0.1124042973
1042,FIN,2010,0.2218391035
1043,FRA,2010,2.576659807
1044,GAB,2010,0.02652909167
1045,GBR,2010,2.405134989
1046,GEO,2010,0.04523253222
1047,GHA,2010,0.07559391552
1048,GIN,2010,0.01485024843
1049,GMB,2010,0.003444329189
1050,GNB,2010,0.002294120619
1051,GNQ,2010,0.03023414301
1052,GRC,2010,0.3248261088
1053,GTM,2010,0.09698364449
1054,HKG,2010,0.3259207761
1055,HND,2010,0.03810028527
1056,HRV,2010,0.09613735682
1057,HTI,2010,0.0165965464
1058,HUN,2010,0.224607928
1059,IDN,2010,2.225357877
1060,IND,2010,5.789961283
1061,IRL,2010,0.2460450259
1062,IRN,2010,1.50062407
1063,IRQ,2010,0.387973034
1064,ISL,2010,0.01262668182
1065,ISR,2010,0.2315738874
1066,ITA,2010,2.281431996
1067,JAM,2010,0.02219811114
1068,JOR,2010,0.08169537133
1069,JPN,2010,4.903418638
1070,KAZ,2010,0.3683473618
1071,KEN,2010,0.1177812169
1072,KGZ,2010,0.02288734181
1073,KHM,2010,0.03756493588
1074,KOR,2010,1.705534123
1075,KWT,2010,0.2574657909
1076,LAO,2010,0.0289980556
1077,LBN,2010,0.07973316751
1078,LBR,2010,0.003393257036
1079,LBY,2010,0.2109500561
1080,LCA,2010,0.001817124492
1081,LKA,2010,0.1982219442
1082,LSO,2010,0.004770323896
1083,LTU,2010,0.06346947635
1084,LUX,2010,0.03007552341
1085,LVA,2010,0.03921533002
1086,MAR,2010,0.2485821021
1087,MDA,2010,0.0186744249
1088,MDG,2010,0.03126959775
1089,MEX,2010,1.814713638
1090,MKD,2010,0.02525034835
1091,MLI,2010,0.02236623816
1092,MLT,2010,0.01083343906
1093,MMR,2010,0.211703075
1094,MNE,2010,0.01109826658
1095,MNG,2010,0.02511355669
1096,MOZ,2010,0.02123578726
1097,MRT,2010,0.01072411364
1098,MUS,2010,0.0227282409
1099,MWI,2010,0.01847727235
1100,MYS,2010,0.569137666
1101,NAM,2010,0.01899155202
1102,NER,2010,0.01360325365
1103,NGA,2010,0.8839353389
1104,NIC,2010,0.02455220146
1105,NLD,2010,0.804544467
1106,NOR,2010,0.4346708426
1107,NPL,2010,0.06296624471
1108,NZL,2010,0.1492711764
1109,OMN,2010,0.1551325788
1110,PAK,2010,0.8594292504
1111,PAN,2010,0.05701453183
1112,PER,2010,0.3037377579
1113,PHL,2010,0.6217101249
1114,POL,2010,0.8821065477
1115,PRI,2010,0.1379063461
1116,PRK,2010,0.04579036888
1117,PRT,2010,0.2952019954
1118,PRY,2010,0.05017977409
1119,PSE,2010,0.0190020693
1120,QAT,2010,0.2689335237
1121,ROU,2010,0.4079188838
1122,RUS,2010,3.508039933
1123,RWA,2010,0.01505853583
1124,SAU,2010,1.364722117
1125,SDN,2010,0.168794778
1126,SEN,2010,0.03153876251
1127,SGP,2010,0.3347286055
1128,SLE,2010,0.008197359078
1129,SLV,2010,0.04965156955
1130,SRB,2010,0.1207177827
1131,STP,2010,0.0006008969474
1132,SVK,2010,0.1288099932
1133,SVN,2010,0.058065896
1134,SWE,2010,0.4405780942
1135,SWZ,2010,0.01091947174
1136,SYC,2010,0.001996091855
1137,SYR,2010,0.1429733087
1138,TCD,2010,0.02012380506
1139,TGO,2010,0.008707617981
1140,THA,2010,0.9565145436
1141,TJK,2010,0.02440197942
1142,TKM,2010,0.07905400469
1143,TTO,2010,0.04025061443
1144,TUN,2010,0.1243429836
1145,TUR,2010,1.416889886
1146,TWN,2010,0.9375204279
1147,TZA,2010,0.1050742825
1148,UGA,2010,0.06679476062
1149,UKR,2010,0.4909607965
1150,URY,2010,0.0599827264
1151,USA,2010,16.78158845
1152,UZB,2010,0.2111018254
1153,VEN,2010,0.5244800007
1154,VNM,2010,0.4484993887
1155,YEM,2010,0.1294650326
1156,ZAF,2010,0.6475511452
1157,ZMB,2010,0.04699040238
1158,ZWE,2010,0.01797685272
1159,AGO,2018,0.1484851434
1160,ALB,2018,0.02929806898
1161,ARE,2018,0.5447646025
1162,ARG,2018,0.653052932
1163,ARM,2018,0.02551188329
1164,AUS,2018,0.9572297918
1165,AUT,2018,0.3420387167
1166,AZE,2018,0.1326241876
1167,BDI,2018,0.0064527544
1168,BEL,2018,0.4106686741
1169,BEN,2018,0.02047788019
1170,BFA,2018,0.02915277518
1171,BGD,2018,0.5241388645
1172,BGR,2018,0.1139624801
1173,BHR,2018,0.05535523139
1174,BIH,2018,0.03635165601
1175,BLR,2018,0.1406785926
1176,BOL,2018,0.06645909697
1177,BRA,2018,2.500762831
1178,BRB,2018,0.004053697234
1179,BWA,2018,0.03167405007
1180,CAF,2018,0.00269135412
1181,CAN,2018,1.386273859
1182,CHE,2018,0.4099849385
1183,CHL,2018,0.3428933861
1184,CHN,2018,18.8488802
1185,CIV,2018,0.07870821963
1186,CMR,2018,0.07048031676
1187,COD,2018,0.05724576022
1188,COG,2018,0.02236669969
1189,COL,2018,0.5598939612
1190,COM,2018,0.0009931259089
1191,CPV,2018,0.00295801099
1192,CRI,2018,0.06611210117
1193,CUB,2018,0.1142103342
1194,CYP,2018,0.0246691792
1195,CZE,2018,0.2968267024
1196,DEU,2018,3.176806371
1197,DJI,2018,0.003018692522
1198,DMA,2018,0.000632626332
1199,DNK,2018,0.2281112781
1200,DOM,2018,0.1398213591
1201,DZA,2018,0.4936570783
1202,ECU,2018,0.1489688863
1203,EGY,2018,0.9640671474
1204,ESP,2018,1.376017826
1205,EST,2018,0.03311587745
1206,ETH,2018,0.1645110504
1207,FIN,2018,0.1917023592
1208,FRA,2018,2.208465877
1209,GAB,2018,0.02842288746
1210,GBR,2018,2.252054019
1211,GEO,2018,0.03191335752
1212,GHA,2018,0.1051910074
1213,GIN,2018,0.02256327366
1214,GMB,2018,0.00286485202
1215,GNB,2018,0.002541786965
1216,GNQ,2018,0.02243507324
1217,GRC,2018,0.22665834
1218,GTM,2018,0.108230212
1219,HKG,2018,0.3586193041
1220,HND,2018,0.03645763502
1221,HRV,2018,0.07891163096
1222,HTI,2018,0.01553789073
1223,HUN,2018,0.2245216663
1224,IDN,2018,2.598195149
1225,IND,2018,7.744159949
1226,IRL,2018,0.2866561359
1227,IRN,2018,1.23126246
1228,IRQ,2018,0.5073317896
1229,ISL,2018,0.01439263365
1230,ISR,2018,0.2503326839
1231,ITA,2018,1.786259165
1232,JAM,2018,0.02011635501
1233,JOR,2018,0.07042818193
1234,JPN,2018,4.190444347
1235,KAZ,2018,0.3604995769
1236,KEN,2018,0.1320293377
1237,KGZ,2018,0.01824719291
1238,KHM,2018,0.05243397118
1239,KOR,2018,1.626435977
1240,KWT,2018,0.2276087324
1241,LAO,2018,0.03921223468
1242,LBN,2018,0.06927694217
1243,LBR,2018,0.003057152647
1244,LBY,2018,0.07901760997
1245,LCA,2018,0.001897366194
1246,LKA,2018,0.2183355688
1247,LSO,2018,0.005058788516
1248,LTU,2018,0.07074953764
1249,LUX,2018,0.04474194607
1250,LVA,2018,0.03287742467
1251,MAR,2018,0.2352691348
1252,MDA,2018,0.01606949513
1253,MDG,2018,0.03172533024
1254,MEX,2018,1.848650035
1255,MKD,2018,0.02381109107
1256,MLI,2018,0.03283640053
1257,MLT,2018,0.01503278108
1258,MMR,2018,0.267009849
1259,MNE,2018,0.008780874
1260,MNG,2018,0.03216975836
1261,MOZ,2018,0.02921345671
1262,MRT,2018,0.01361488445
1263,MUS,2018,0.02232567555
1264,MWI,2018,0.01744294895
1265,MYS,2018,0.7458999485
1266,NAM,2018,0.02045736812
1267,NER,2018,0.01752072387
1268,NGA,2018,0.8709081766
1269,NIC,2018,0.02691183186
1270,NLD,2018,0.719204348
1271,NOR,2018,0.276998371
1272,NPL,2018,0.06407456919
1273,NZL,2018,0.1456946477
1274,OMN,2018,0.1490167478
1275,PAK,2018,0.8760361933
1276,PAN,2018,0.07876804649
1277,PER,2018,0.3060571325
1278,PHL,2018,0.7080081781
1279,POL,2018,0.8991122687
1280,PRT,2018,0.2530676262
1281,PRY,2018,0.07210760741
1282,QAT,2018,0.2601442893
1283,ROU,2018,0.3940026196
1284,RUS,2018,2.982796405
1285,RWA,2018,0.02026421282
1286,SAU,2018,1.370808615
1287,SDN,2018,0.1529208779
1288,SEN,2018,0.0350927279
1289,SGP,2018,0.4161385586
1290,SLE,2018,0.009144963189
1291,SLV,2018,0.03989340624
1292,SRB,2018,0.0838576031
1293,STP,2018,0.0005717738667
1294,SVK,2018,0.1445246052
1295,SVN,2018,0.05600648951
1296,SWE,2018,0.3987887686
1297,SWZ,2018,0.008974029298
1298,SYC,2018,0.002195645835
1299,SYR,2018,0.05640818416
1300,TCD,2018,0.02263164722
1301,TGO,2018,0.00982015206
1302,THA,2018,0.9794511976
1303,TJK,2018,0.01910186236
1304,TKM,2018,0.04985286942
1305,TTO,2018,0.03338167965
1306,TUN,2018,0.1072798196
1307,TUR,2018,1.733566229
1308,TWN,2018,0.9281710302
1309,TZA,2018,0.1318635318
1310,UGA,2018,0.0646420697
1311,UKR,2018,0.2905876154
1312,URY,2018,0.0607806731
1313,USA,2018,15.25414047
1314,UZB,2018,0.1729944994
1315,VEN,2018,0.2575973743
1316,VNM,2018,0.5279293235
1317,YEM,2018,0.04502227765
1318,ZAF,2018,0.5886023083
1319,ZMB,2018,0.05418347956
1320,ZWE,2018,0.02681098086
1321,AGO,2025,0.1448682098
1322,ALB,2025,0.02862204919
1323,ARE,2025,0.5611176623
1324,ARG,2025,0.6083656704
1325,ARM,2025,0.0272699065
1326,AUS,2025,0.8887826459
1327,AUT,2025,0.3009221727
1328,AZE,2025,0.12287252
1329,BDI,2025,0.0065947391
1330,BEL,2025,0.3526221617
1331,BEN,2025,0.0240487684
1332,BFA,2025,0.03147203091
1333,BGD,2025,0.6746821674
1334,BGR,2025,0.1069914129
1335,BHR,2025,0.05522150452
1336,BIH,2025,0.03417756359
1337,BLR,2025,0.129902862
1338,BOL,2025,0.0697931884
1339,BRA,2025,2.329524862
1340,BRB,2025,0.003683126006
1341,BWA,2025,0.0318290461
1342,CAF,2025,0.002595103477
1343,CAN,2025,1.25115318
1344,CHE,2025,0.3614965422
1345,CHL,2025,0.334940631
1346,CHN,2025,21.2864116
1347,CIV,2025,0.09305520986
1348,CMR,2025,0.07595689282
1349,COD,2025,0.06206123757
1350,COG,2025,0.02293914352
1351,COL,2025,0.55169065
1352,COM,2025,0.001025029765
1353,CPV,2025,0.003056488763
1354,CRI,2025,0.06705535636
1355,CUB,2025,0.1116679425
1356,CYP,2025,0.02288850619
1357,CZE,2025,0.2759797853
1358,DEU,2025,2.796774438
1359,DJI,2025,0.003278843831
1360,DMA,2025,0.0005712748544
1361,DNK,2025,0.2031695277
1362,DOM,2025,0.1434557042
1363,DZA,2025,0.4857378682
1364,ECU,2025,0.1325778652
1365,EGY,2025,1.121398981
1366,ESP,2025,1.236362546
1367,EST,2025,0.03217971358
1368,ETH,2025,0.2032867948
1369,FIN,2025,0.1719075057
1370,FRA,2025,1.940934568
1371,GAB,2025,0.02784288068
1372,GBR,2025,1.989340279
1373,GEO,2025,0.03407210481
1374,GHA,2025,0.1187047792
1375,GIN,2025,0.02441115351
1376,GMB,2025,0.003146842754
1377,GNB,2025,0.002826430993
1378,GNQ,2025,0.01790784617
1379,GRC,2025,0.2045141308
1380,GTM,2025,0.1062909589
1381,HKG,2025,0.3346717104
1382,HND,2025,0.03623011293
1383,HRV,2025,0.07381870993
1384,HTI,2025,0.01495422236
1385,HUN,2025,0.2031022975
1386,IDN,2025,2.888207449
1387,IND,2025,9.825014817
1388,IRL,2025,0.2772571582
1389,IRN,2025,1.004653818
1390,IRQ,2025,0.5299087463
1391,ISL,2025,0.01367210346
1392,ISR,2025,0.2486843425
1393,ITA,2025,1.50326626
1394,JAM,2025,0.01861828612
1395,JOR,2025,0.06983868477
1396,JPN,2025,3.524877014
1397,KAZ,2025,0.3545718362
1398,KEN,2025,0.1573414204
1399,KGZ,2025,0.01834838529
1400,KHM,2025,0.06176570296
1401,KOR,2025,1.558394987
1402,KWT,2025,0.2239651592
1403,LAO,2025,0.04749042486
1404,LBN,2025,0.06801306473
1405,LBR,2025,0.003204213171
1406,LBY,2025,0.08758879023
1407,LCA,2025,0.001757830863
1408,LKA,2025,0.2420890643
1409,LSO,2025,0.004812936362
1410,LTU,2025,0.06676626669
1411,LUX,2025,0.04242996186
1412,LVA,2025,0.03189196851
1413,MAR,2025,0.2447338986
1414,MDA,2025,0.01585586536
1415,MDG,2025,0.03309130248
1416,MEX,2025,1.701595217
1417,MKD,2025,0.0228285703
1418,MLI,2025,0.03469235319
1419,MLT,2025,0.01525726279
1420,MMR,2025,0.3197967528
1421,MNE,2025,0.00835579534
1422,MNG,2025,0.0398457884
1423,MOZ,2025,0.03063800313
1424,MRT,2025,0.01355930018
1425,MUS,2025,0.02285657919
1426,MWI,2025,0.01881071317
1427,MYS,2025,0.823184167
1428,NAM,2025,0.01986943695
1429,NER,2025,0.01890878865
1430,NGA,2025,0.8349985221
1431,NIC,2025,0.02350364434
1432,NLD,2025,0.6391570813
1433,NOR,2025,0.2483481917
1434,NPL,2025,0.06691126719
1435,NZL,2025,0.1345571209
1436,OMN,2025,0.1456772023
1437,PAK,2025,0.8551675686
1438,PAN,2025,0.08568793101
1439,PER,2025,0.3165867988
1440,PHL,2025,0.8208801896
1441,POL,2025,0.8760089165
1442,PRT,2025,0.2229351932
1443,PRY,2025,0.07441879095
1444,QAT,2025,0.2509473095
1445,ROU,2025,0.3892625961
1446,RUS,2025,2.648868098
1447,RWA,2025,0.02226849463
1448,SAU,2025,1.270924224
1449,SDN,2025,0.1459387611
1450,SEN,2025,0.04089532281
1451,SGP,2025,0.396187302
1452,SLE,2025,0.009685831651
1453,SLV,2025,0.03633453714
1454,SRB,2025,0.08304604867
1455,STP,2025,0.0006167309765
1456,SVK,2025,0.1393008807
1457,SVN,2025,0.05327989765
1458,SWE,2025,0.370975994
1459,SWZ,2025,0.008387693061
1460,SYC,2025,0.002332917826
1461,SYR,2025,0.06355132111
1462,TCD,2025,0.02323508631
1463,TGO,2025,0.01114631314
1464,THA,2025,0.9640804193
1465,TJK,2025,0.01917530814
1466,TKM,2025,0.05010820299
1467,TTO,2025,0.03045133684
1468,TUN,2025,0.1044541468
1469,TUR,2025,1.760989025
1470,TWN,2025,0.8329816175
1471,TZA,2025,0.1481572606
1472,UGA,2025,0.07313523672
1473,UKR,2025,0.2700635317
1474,URY,2025,0.05998187972
1475,USA,2025,13.67528578
1476,UZB,2025,0.1932421321
1477,VEN,2025,0.2156743365
1478,VNM,2025,0.6258455107
1479,YEM,2025,0.0331339701
1480,ZAF,2025,0.5680800171
1481,ZMB,2025,0.05611196816
1482,ZWE,2025,0.02790639268